KBFC_Hard_Tomek_0_alpha_balanced_gamma_0_0_v1_r_target_1_Train_Linear_Transform, 413262, 7308, 65727, 13199, 0.872761828844063, 0.7998413723828917
